index,classification,name,club_page,external_url
0001,自治性,學生會,https://osa_activity.ntu.edu.tw/club/detail/sn/0001  ,https://www.facebook.com/NTUSA
0002,自治性,文學院學生會,https://osa_activity.ntu.edu.tw/club/detail/sn/0002  ,https://www.facebook.com/share/b4XfYfgXeKh7jCv3/?mibextid=qi2Omg
0003,自治性,機械工程學系學生會,https://osa_activity.ntu.edu.tw/club/detail/sn/0003  ,https://www.facebook.com/NTUME.StudentAssociation/
0004,自治性,理學院學生會,https://osa_activity.ntu.edu.tw/club/detail/sn/0004  ,
0006,自治性,醫學院學生會,https://osa_activity.ntu.edu.tw/club/detail/sn/0006  ,www.facebook.com/ntucmsa2024
0007,自治性,工學院學生會,https://osa_activity.ntu.edu.tw/club/detail/sn/0007  ,https://www.facebook.com/NTUENGSA
0008,學藝性,話劇社,https://osa_activity.ntu.edu.tw/club/detail/sn/0008  ,https://www.facebook.com/NTU.DramaClub?fref=ts
0009,自治性,生物資源暨農學院學生會,https://osa_activity.ntu.edu.tw/club/detail/sn/0009  ,https://www.facebook.com/NtuAbc
0010,自治性,生物環境系統工程學系學生會,https://osa_activity.ntu.edu.tw/club/detail/sn/0010  ,https://www.facebook.com/ntubsecamp/
0012,自治性,農業化學系學生會,https://osa_activity.ntu.edu.tw/club/detail/sn/0012  ,https://www.facebook.com/NTUACSA/
0013,學藝性,管樂團,https://osa_activity.ntu.edu.tw/club/detail/sn/0013  ,https://www.facebook.com/ntuwbbest/
0014,綜合性,應屆畢業生聯合會,https://osa_activity.ntu.edu.tw/club/detail/sn/0014  ,https://www.facebook.com/ntugraduate/
0017,自治性,園藝暨景觀學系學生會,https://osa_activity.ntu.edu.tw/club/detail/sn/0017  ,https://www.facebook.com/NTUHORTSA/
0018,自治性,獸醫學系學生會,https://osa_activity.ntu.edu.tw/club/detail/sn/0018  ,https://www.facebook.com/ntuvmsa/
0023,聯誼性,蘭陽地區校友會,https://osa_activity.ntu.edu.tw/club/detail/sn/0023  ,https://www.facebook.com/2020NtuKavalanNight/
0024,聯誼性,新竹地區校友會,https://osa_activity.ntu.edu.tw/club/detail/sn/0024  ,https://www.facebook.com/bambooooo.ntu.hsinchu
0027,學藝性,攝影研究社,https://osa_activity.ntu.edu.tw/club/detail/sn/0027  ,http://www.ntuphoto.tw
0029,自治性,化學工程學系學生會,https://osa_activity.ntu.edu.tw/club/detail/sn/0029  ,https://www.facebook.com/NTUCHESA/
0031,自治性,農藝學系學生會,https://osa_activity.ntu.edu.tw/club/detail/sn/0031  ,https://reurl.cc/V6mNEN
0032,自治性,森林環境暨資源學系學生會,https://osa_activity.ntu.edu.tw/club/detail/sn/0032  ,https://www.facebook.com/NTUFSA/
0034,服務性,彰化地區校友會,https://osa_activity.ntu.edu.tw/club/detail/sn/0034  ,https://www.facebook.com/NTUCHfamily/
0036,聯誼性,雲林嘉義地區校友會,https://osa_activity.ntu.edu.tw/club/detail/sn/0036  ,https://www.facebook.com/ntucloudhome/
0037,學藝性,京劇研究社,https://osa_activity.ntu.edu.tw/club/detail/sn/0037  ,
0039,康樂性,台大合唱團,https://osa_activity.ntu.edu.tw/club/detail/sn/0039  ,https://www.facebook.com/NTUChorus/
0042,自治性,農業經濟學系學生會,https://osa_activity.ntu.edu.tw/club/detail/sn/0042  ,
0046,聯誼性,高雄地區校友會,https://osa_activity.ntu.edu.tw/club/detail/sn/0046  ,https://www.facebook.com/NTUKGA/
0048,聯誼性,屏東地區校友會,https://osa_activity.ntu.edu.tw/club/detail/sn/0048  ,http://club.ntu.edu.tw/~club20048/
0055,自治性,政治學系學生會,https://osa_activity.ntu.edu.tw/club/detail/sn/0055  ,https://www.instagram.com/ntu_pssa/
0058,自治性,化學系學生會,https://osa_activity.ntu.edu.tw/club/detail/sn/0058  ,https://www.instagram.com/ntuchem_sa/
0077,自治性,經濟學系學生會,https://osa_activity.ntu.edu.tw/club/detail/sn/0077  ,https://www.facebook.com/NTUECONSA/
0082,自治性,歷史學系學生會,https://osa_activity.ntu.edu.tw/club/detail/sn/0082  ,https://www.facebook.com/ntuhistorypeople/
0083,學藝性,國樂團,https://osa_activity.ntu.edu.tw/club/detail/sn/0083  ,https://www.facebook.com/NTUCO/
0084,學藝性,橋藝社,https://osa_activity.ntu.edu.tw/club/detail/sn/0084  ,https://www.facebook.com/bridgetaiwanuniversity/
0085,自治性,人類學系學生會,https://osa_activity.ntu.edu.tw/club/detail/sn/0085  ,https://www.facebook.com/ntuanthro
0087,聯誼性,華僑同學會,https://osa_activity.ntu.edu.tw/club/detail/sn/0087  ,https://www.instagram.com/ocsafam/
0088,綜合性,新生學習入門書院,https://osa_activity.ntu.edu.tw/club/detail/sn/0088  ,https://osa_activity.ntu.edu.tw/freshmen/orientationcamp/OC15
0089,自治性,醫學系學生會,https://osa_activity.ntu.edu.tw/club/detail/sn/0089  ,https://www.facebook.com/ntumedsa
0090,自治性,大氣科學系學生會,https://osa_activity.ntu.edu.tw/club/detail/sn/0090  ,https://reurl.cc/GVG4bd
0092,自治性,電機工程學系學生會,https://osa_activity.ntu.edu.tw/club/detail/sn/0092  ,https://www.facebook.com/ntuee.org/
0093,自治性,資訊工程學系學生會,https://osa_activity.ntu.edu.tw/club/detail/sn/0093  ,http://council.csie.ntu.edu.tw/
0108,綜合性,國術社,https://osa_activity.ntu.edu.tw/club/detail/sn/0108  ,https://www.facebook.com/ntuksclub
0113,自治性,心理學系學生會,https://osa_activity.ntu.edu.tw/club/detail/sn/0113  ,https://www.facebook.com/ntupsysa
0115,自治性,哲學系學生會,https://osa_activity.ntu.edu.tw/club/detail/sn/0115  ,https://www.facebook.com/ntuphilo/
0126,康樂性,藍聲口琴社,https://osa_activity.ntu.edu.tw/club/detail/sn/0126  ,https://www.facebook.com/ntubluesound/
0128,學藝性,美術社,https://osa_activity.ntu.edu.tw/club/detail/sn/0128  ,https://www.facebook.com/ntuartclub/
0133,體適能,醫學院網球社,https://osa_activity.ntu.edu.tw/club/detail/sn/0133  ,https://www.facebook.com/NTUCMTennis/
0134,學藝性,椰風搖滾社,https://osa_activity.ntu.edu.tw/club/detail/sn/0134  ,https://www.instagram.com/ntu_rock_club
0135,自治性,社會學系學生會,https://osa_activity.ntu.edu.tw/club/detail/sn/0135  ,https://www.facebook.com/ntusoc/
0147,自治性,地質科學系學生會,https://osa_activity.ntu.edu.tw/club/detail/sn/0147  ,https://www.facebook.com/2022ntugeocamp/
0148,自治性,地理環境資源學系學生會,https://osa_activity.ntu.edu.tw/club/detail/sn/0148  ,https://www.facebook.com/geogyes/
0150,學術性,健言社,https://osa_activity.ntu.edu.tw/club/detail/sn/0150  ,"Heping west road sec.2, Taipei"
0151,自治性,外國語文學系學生會,https://osa_activity.ntu.edu.tw/club/detail/sn/0151  ,https://www.facebook.com/ntudfllsa/
0153,學術性,象棋研究社,https://osa_activity.ntu.edu.tw/club/detail/sn/0153  ,https://reurl.cc/GVG4op
0156,聯誼性,港澳同學會,https://osa_activity.ntu.edu.tw/club/detail/sn/0156  ,https://www.facebook.com/groups/ntuhkmsa/
0158,自治性,研究生協會,https://osa_activity.ntu.edu.tw/club/detail/sn/0158  ,https://www.facebook.com/NTUGSA
0159,自治性,藥學系學生會,https://osa_activity.ntu.edu.tw/club/detail/sn/0159  ,https://rx.mc.ntu.edu.tw/nturxsa/
0162,學術性,現代詩社,https://osa_activity.ntu.edu.tw/club/detail/sn/0162  ,https://www.facebook.com/ntupoemclub/
0164,學藝性,綠野社,https://osa_activity.ntu.edu.tw/club/detail/sn/0164  ,https://www.facebook.com/ntugreenfield
0165,學藝性,交響樂團,https://osa_activity.ntu.edu.tw/club/detail/sn/0165  ,http://club.ntu.edu.tw/~club20165/
0170,學術性,天文社,https://osa_activity.ntu.edu.tw/club/detail/sn/0170  ,
0171,康樂性,射箭協會,https://osa_activity.ntu.edu.tw/club/detail/sn/0171  ,https://www.facebook.com/NTUArchery/?fref=ts
0175,綜合性,登山社,https://osa_activity.ntu.edu.tw/club/detail/sn/0175  ,http://www.mountain.org.tw
0176,學藝性,崑曲研究社,https://osa_activity.ntu.edu.tw/club/detail/sn/0176  ,https://www.facebook.com/NTUKunqu
0177,學藝性,花藝社,https://osa_activity.ntu.edu.tw/club/detail/sn/0177  ,https://www.facebook.com/weRntuflower
0178,學藝性,世界風格舞社,https://osa_activity.ntu.edu.tw/club/detail/sn/0178  ,https://www.facebook.com/NTUfolkdance
0179,自治性,動物科學技術學系學生會,https://osa_activity.ntu.edu.tw/club/detail/sn/0179  ,
0180,體適能,跆拳道社,https://osa_activity.ntu.edu.tw/club/detail/sn/0180  ,https://www.facebook.com/ntutaekwondo
0182,自治性,牙醫學系學生會,https://osa_activity.ntu.edu.tw/club/detail/sn/0182  ,https://reurl.cc/g7n42z
0183,服務性,慈幼會社區服務團,https://osa_activity.ntu.edu.tw/club/detail/sn/0183  ,https://www.facebook.com/ntukkperfect/
0186,體適能,醫學院桌球隊,https://osa_activity.ntu.edu.tw/club/detail/sn/0186  ,https://www.facebook.com/NTUMCTT
0189,自治性,法律學院學生會,https://osa_activity.ntu.edu.tw/club/detail/sn/0189  ,http://club.ntu.edu.tw/~club10189/
0190,自治性,護理學系學生會,https://osa_activity.ntu.edu.tw/club/detail/sn/0190  ,
0192,自治性,醫學檢驗暨生物技術學系學生會,https://osa_activity.ntu.edu.tw/club/detail/sn/0192  ,https://www.mc.ntu.edu.tw/clsmb/Index.action
0193,學術性,晨曦學社,https://osa_activity.ntu.edu.tw/club/detail/sn/0193  ,https://ntusunrise.blogspot.com/
0194,綜合性,柔道社,https://osa_activity.ntu.edu.tw/club/detail/sn/0194  ,https://www.facebook.com/NTUjudo/
0196,學術性,大學論壇社,https://osa_activity.ntu.edu.tw/club/detail/sn/0196  ,台北市大安區羅斯福路四段1號
0197,學藝性,集郵筆友社,https://osa_activity.ntu.edu.tw/club/detail/sn/0197  ,https://www.facebook.com/ntustamp/
0202,學術性,航空社,https://osa_activity.ntu.edu.tw/club/detail/sn/0202  ,https://www.facebook.com/ntuaviationclub/
0203,自治性,生物產業傳播暨發展學系學生會,https://osa_activity.ntu.edu.tw/club/detail/sn/0203  ,https://www.facebook.com/NTUBICDSA/
0204,自治性,圖書資訊學系學生會,https://osa_activity.ntu.edu.tw/club/detail/sn/0204  ,https://www.facebook.com/ntulislis/
0206,學藝性,圍棋社,https://osa_activity.ntu.edu.tw/club/detail/sn/0206  ,https://www.facebook.com/TaiDaWeiQiQintugo/
0210,聯誼性,台南地區校友會,https://osa_activity.ntu.edu.tw/club/detail/sn/0210  ,https://www.facebook.com/ntutaafancy/
0221,學術性,視聽研究社,https://osa_activity.ntu.edu.tw/club/detail/sn/0221  ,
0232,聯誼性,馬來西亞同學會,https://osa_activity.ntu.edu.tw/club/detail/sn/0232  ,https://reurl.cc/8Gb0oM
0235,自治性,公共衛生學系學生會,https://osa_activity.ntu.edu.tw/club/detail/sn/0235  ,https://www.facebook.com/2020ntuphcamp/
0237,自治性,數學系學生會,https://osa_activity.ntu.edu.tw/club/detail/sn/0237  ,https://www.facebook.com/ntumath.2010/
0240,學術性,傳統醫學研究社,https://osa_activity.ntu.edu.tw/club/detail/sn/0240  ,https://www.facebook.com/NTUTraditionalMedicineClub
0242,學藝性,吉他社,https://osa_activity.ntu.edu.tw/club/detail/sn/0242  ,https://www.facebook.com/ntuguitar/
0244,綜合性,童軍社,https://osa_activity.ntu.edu.tw/club/detail/sn/0244  ,https://www.facebook.com/ntuscout/
0252,聯誼性,椰島社,https://osa_activity.ntu.edu.tw/club/detail/sn/0252  ,https://www.facebook.com/ntuisaofficial/
0253,聯誼性,緬甸僑生同學會,https://osa_activity.ntu.edu.tw/club/detail/sn/0253  ,http://mocsa.g.amalay.cc/NTU-MOCSA/
0292,自治性,國家發展研究所學生會,https://osa_activity.ntu.edu.tw/club/detail/sn/0292  ,https://www.facebook.com/groups/124311327596706/
0293,體適能,西洋劍社,https://osa_activity.ntu.edu.tw/club/detail/sn/0293  ,https://www.facebook.com/NTUfencing/
0295,學藝性,星韻合唱團,https://osa_activity.ntu.edu.tw/club/detail/sn/0295  ,https://www.facebook.com/NTUStarRhythmChorus
0296,學術性,國際經濟商管學生會臺大分會,https://osa_activity.ntu.edu.tw/club/detail/sn/0296  ,https://www.instagram.com/aiesec.inntu/
0297,服務性,小恐龍服務社,https://osa_activity.ntu.edu.tw/club/detail/sn/0297  ,https://www.facebook.com/NTUtutor
0298,自治性,工商管理學系學生會,https://osa_activity.ntu.edu.tw/club/detail/sn/0298  ,https://www.facebook.com/NTUBASS
0299,自治性,會計學系學生會,https://osa_activity.ntu.edu.tw/club/detail/sn/0299  ,
0300,自治性,財務金融學系學生會,https://osa_activity.ntu.edu.tw/club/detail/sn/0300  ,https://reurl.cc/9Eb7pj
0301,自治性,國際企業學系學生會,https://osa_activity.ntu.edu.tw/club/detail/sn/0301  ,https://ntuibdept.wordpress.com/
0312,自治性,管理學院學生會,https://osa_activity.ntu.edu.tw/club/detail/sn/0312  ,
0313,學術性,自然保育社,https://osa_activity.ntu.edu.tw/club/detail/sn/0313  ,https://www.facebook.com/ntuconserve/
0314,學藝性,茶藝研究社,https://osa_activity.ntu.edu.tw/club/detail/sn/0314  ,https://www.facebook.com/ntuteaclub
0315,服務性,光鹽社,https://osa_activity.ntu.edu.tw/club/detail/sn/0315  ,https://www.instagram.com/ntu_fellowship?igsh=eXc3ZnpicWRxZmxy
0318,學術性,女性主義研究社,https://osa_activity.ntu.edu.tw/club/detail/sn/0318  ,https://www.facebook.com/ntufeminismclub
0321,服務性,漁村服務社,https://osa_activity.ntu.edu.tw/club/detail/sn/0321  ,https://www.facebook.com/ntucos/
0329,體適能,滑板社,https://osa_activity.ntu.edu.tw/club/detail/sn/0329  ,https://www.facebook.com/NTUSkateboardSociety/
0330,學術性,勞工事務研究社,https://osa_activity.ntu.edu.tw/club/detail/sn/0330  ,https://www.facebook.com/NTULabor/
0333,學術性,易學研究社,https://osa_activity.ntu.edu.tw/club/detail/sn/0333  ,https://www.facebook.com/NTUICPSC/
0335,聯誼性,建中北一女校友會,https://osa_activity.ntu.edu.tw/club/detail/sn/0335  ,https://www.facebook.com/NtuCkTfg2013/
0340,學藝性,書法社,https://osa_activity.ntu.edu.tw/club/detail/sn/0340  ,http://www.csie.ntu.edu.tw/~f93035/calligraphy/
0344,學術性,證券研究社,https://osa_activity.ntu.edu.tw/club/detail/sn/0344  ,http://nsrs01988.wixsite.com/nsrs1988
0346,學藝性,鋼琴社,https://osa_activity.ntu.edu.tw/club/detail/sn/0346  ,https://www.facebook.com/NTUpiano/
0348,綜合性,劍道社,https://osa_activity.ntu.edu.tw/club/detail/sn/0348  ,https://www.facebook.com/ntukendoclub/
0355,體適能,醫學院排球社,https://osa_activity.ntu.edu.tw/club/detail/sn/0355  ,https://www.facebook.com/NTUCMvolley/
0358,自治性,社會科學院學生會,https://osa_activity.ntu.edu.tw/club/detail/sn/0358  ,https://www.facebook.com/NTUSSSA
0364,學術性,單車社,https://osa_activity.ntu.edu.tw/club/detail/sn/0364  ,https://ntucyclub.wordpress.com/
0365,學藝性,蛋糕製作研習社,https://osa_activity.ntu.edu.tw/club/detail/sn/0365  ,https://www.facebook.com/NTUESC
0376,學術性,醫心社,https://osa_activity.ntu.edu.tw/club/detail/sn/0376  ,https://www.facebook.com/ntumedchrist/
0379,學藝性,尋云手語社,https://osa_activity.ntu.edu.tw/club/detail/sn/0379  ,https://www.facebook.com/NTUSignLanguageClub/
0380,學術性,人生哲學研究社,https://osa_activity.ntu.edu.tw/club/detail/sn/0380  ,http://club.ntu.edu.tw/~club20380/
0381,康樂性,熱門舞蹈研究社,https://osa_activity.ntu.edu.tw/club/detail/sn/0381  ,https://www.facebook.com/NTUPDC/
0384,學藝性,卡通漫畫研究社,https://osa_activity.ntu.edu.tw/club/detail/sn/0384  ,https://www.facebook.com/ntuccc/
0386,學藝性,調酒冷飲研究社,https://osa_activity.ntu.edu.tw/club/detail/sn/0386  ,https://www.facebook.com/NTUCocktail/
0387,體適能,醫學院羽球社,https://osa_activity.ntu.edu.tw/club/detail/sn/0387  ,
0390,學術性,鐵道暨火車研習社,https://osa_activity.ntu.edu.tw/club/detail/sn/0390  ,https://www.facebook.com/nturail/
0398,體適能,醫學院籃球社,https://osa_activity.ntu.edu.tw/club/detail/sn/0398  ,
0400,學術性,台灣語文研究社,https://osa_activity.ntu.edu.tw/club/detail/sn/0400  ,https://www.facebook.com/ntutgbs/
0402,學藝性,體操社,https://osa_activity.ntu.edu.tw/club/detail/sn/0402  ,https://www.facebook.com/gymnasticsntu/
0403,學術性,電影研究社,https://osa_activity.ntu.edu.tw/club/detail/sn/0403  ,https://www.facebook.com/ntufilmclub/
0404,學術性,太極拳研究社,https://osa_activity.ntu.edu.tw/club/detail/sn/0404  ,
0408,學藝性,古典吉他社,https://osa_activity.ntu.edu.tw/club/detail/sn/0408  ,https://www.facebook.com/NTUCGS
0410,聯誼性,日本人學生會,https://osa_activity.ntu.edu.tw/club/detail/sn/0410  ,https://www.facebook.com/%E5%9B%BD%E7%AB%8B%E5%8F%B0%E6%B9%BE%E5%A4%A7%E5%AD%A6-%E6%97%A5%E6%9C%AC%E4%BA%BA%E4%BC%9A-414514448656884/
0411,自治性,中國文學系學生會,https://osa_activity.ntu.edu.tw/club/detail/sn/0411  ,https://reurl.cc/62q0Lk
0412,綜合性,網球社,https://osa_activity.ntu.edu.tw/club/detail/sn/0412  ,https://reurl.cc/O1m4VA
0413,學術性,電動玩具研習社,https://osa_activity.ntu.edu.tw/club/detail/sn/0413  ,http://www.facebook.com/ntuvgc
0421,服務性,流浪貓狗關懷社,https://osa_activity.ntu.edu.tw/club/detail/sn/0421  ,https://www.facebook.com/ntulovelive/
0423,服務性,醫學院學生社會服務團,https://osa_activity.ntu.edu.tw/club/detail/sn/0423  ,https://www.facebook.com/ntumedserve
0424,體適能,拳擊社,https://osa_activity.ntu.edu.tw/club/detail/sn/0424  ,
0427,服務性,慈幼義光團,https://osa_activity.ntu.edu.tw/club/detail/sn/0427  ,https://www.facebook.com/ntuchildren/
0428,體適能,醫學院足球社,https://osa_activity.ntu.edu.tw/club/detail/sn/0428  ,
0429,綜合性,機車研究社,https://osa_activity.ntu.edu.tw/club/detail/sn/0429  ,https://www.facebook.com/NTUmotorclub
0432,綜合性,花蓮地區校友會,https://osa_activity.ntu.edu.tw/club/detail/sn/0432  ,https://www.facebook.com/2020NTUhualienweek
0433,學術性,客家研究社,https://osa_activity.ntu.edu.tw/club/detail/sn/0433  ,https://www.facebook.com/NTUHakka
0440,自治性,土木工程學系學生會,https://osa_activity.ntu.edu.tw/club/detail/sn/0440  ,https://sites.google.com/view/ntucesa
0452,聯誼性,韓國同學會,https://osa_activity.ntu.edu.tw/club/detail/sn/0452  ,https://reurl.cc/1xOGgQ
0456,學藝性,懷筑古箏社,https://osa_activity.ntu.edu.tw/club/detail/sn/0456  ,https://www.facebook.com/NTUZither/
0470,自治性,資訊管理學系學生會,https://osa_activity.ntu.edu.tw/club/detail/sn/0470  ,https://www.facebook.com/NTUIMSA/
0472,服務性,鄉村服務社,https://osa_activity.ntu.edu.tw/club/detail/sn/0472  ,
0474,綜合性,潛水社,https://osa_activity.ntu.edu.tw/club/detail/sn/0474  ,https://www.facebook.com/NtuDivingClub
0479,自治性,藝術史研究所學生會,https://osa_activity.ntu.edu.tw/club/detail/sn/0479  ,
0480,學術性,中國大陸事務學會,https://osa_activity.ntu.edu.tw/club/detail/sn/0480  ,
0481,綜合性,高爾夫球聯誼社,https://osa_activity.ntu.edu.tw/club/detail/sn/0481  ,https://www.facebook.com/ntugolf
0483,綜合性,原聲帶社,https://osa_activity.ntu.edu.tw/club/detail/sn/0483  ,http://www.facebook.com/groups/110122029021600/
0489,體適能,保齡球社,https://osa_activity.ntu.edu.tw/club/detail/sn/0489  ,
0495,自治性,職能治療學系學生會,https://osa_activity.ntu.edu.tw/club/detail/sn/0495  ,https://www.facebook.com/NTUOTSA/
0496,自治性,物理治療學系學生會,https://osa_activity.ntu.edu.tw/club/detail/sn/0496  ,https://www.facebook.com/NTUPTSA/
0499,學術性,聖經研究社,https://osa_activity.ntu.edu.tw/club/detail/sn/0499  ,https://www.facebook.com/biblestudyclub
0504,綜合性,TMBA臺大分會,https://osa_activity.ntu.edu.tw/club/detail/sn/0504  ,
0508,服務性,自閉星雨服務團,https://osa_activity.ntu.edu.tw/club/detail/sn/0508  ,https://www.facebook.com/starrain.ntu/
0513,學術性,禪學社,https://osa_activity.ntu.edu.tw/club/detail/sn/0513  ,https://www.facebook.com/ntuizen
0514,綜合性,徐州壘球社,https://osa_activity.ntu.edu.tw/club/detail/sn/0514  ,2-51-8
0516,綜合性,男同性戀社,https://osa_activity.ntu.edu.tw/club/detail/sn/0516  ,https://www.facebook.com/ntugc.tw
0527,康樂性,桌球研習社,https://osa_activity.ntu.edu.tw/club/detail/sn/0527  ,台北市內湖區康寧路一段57號
0529,自治性,建築與城鄉研究所學生會,https://osa_activity.ntu.edu.tw/club/detail/sn/0529  ,http://club.ntu.edu.tw/~club10529/
0532,康樂性,魔術研習社,https://osa_activity.ntu.edu.tw/club/detail/sn/0532  ,https://www.facebook.com/NTUMAGIC?fref=ts
0533,學藝性,北管研究社,https://osa_activity.ntu.edu.tw/club/detail/sn/0533  ,
0536,綜合性,中日青年交流社,https://osa_activity.ntu.edu.tw/club/detail/sn/0536  ,
0537,學藝性,杏林管弦樂團,https://osa_activity.ntu.edu.tw/club/detail/sn/0537  ,https://www.facebook.com/ntuhlco
0539,聯誼性,浯友會,https://osa_activity.ntu.edu.tw/club/detail/sn/0539  ,https://www.facebook.com/NTUkinmenweek
0542,綜合性,空手道社,https://osa_activity.ntu.edu.tw/club/detail/sn/0542  ,https://www.facebook.com/NTUKarate/
0550,學術性,崇德青年社,https://osa_activity.ntu.edu.tw/club/detail/sn/0550  ,
0560,綜合性,轉學生聯會,https://osa_activity.ntu.edu.tw/club/detail/sn/0560  ,
0563,自治性,日本語文學系學生會,https://osa_activity.ntu.edu.tw/club/detail/sn/0563  ,https://reurl.cc/X6QRZg
0569,學藝性,美食烹飪社,https://osa_activity.ntu.edu.tw/club/detail/sn/0569  ,https://www.facebook.com/ntucooktasteclub
0572,學術性,女同誌異社,https://osa_activity.ntu.edu.tw/club/detail/sn/0572  ,https://www.facebook.com/ntulambda/
0577,學術性,濁水溪社,https://osa_activity.ntu.edu.tw/club/detail/sn/0577  ,"No. 1, Sec. 4, Roosevelt Rd.,"
0589,康樂性,法社學院桌球社,https://osa_activity.ntu.edu.tw/club/detail/sn/0589  ,https://www.facebook.com/groups/355979474479009/
0592,聯誼性,南投地區校友會,https://osa_activity.ntu.edu.tw/club/detail/sn/0592  ,https://www.facebook.com/NTUtouyo/
0595,學藝性,流行音樂歌唱社,https://osa_activity.ntu.edu.tw/club/detail/sn/0595  ,https://www.facebook.com/ntucompoclub
0597,服務性,慈濟青年社,https://osa_activity.ntu.edu.tw/club/detail/sn/0597  ,https://www.facebook.com/ntutzuchi/
0607,綜合性,Hive of Dreams 夢巢社,https://osa_activity.ntu.edu.tw/club/detail/sn/0607  ,
0608,學藝性,雜耍社,https://osa_activity.ntu.edu.tw/club/detail/sn/0608  ,https://www.facebook.com/NTUjuggling/
0624,學術性,推理小說研究社,https://osa_activity.ntu.edu.tw/club/detail/sn/0624  ,https://www.facebook.com/ntumysteryclub/
0626,學術性,咖啡文化研究社,https://osa_activity.ntu.edu.tw/club/detail/sn/0626  ,https://www.facebook.com/NTUCOFFEE/
0627,學藝性,綺巧手工藝社,https://osa_activity.ntu.edu.tw/club/detail/sn/0627  ,https://www.facebook.com/ntuhandiwork?fref=ts
0638,學術性,教育學程學會,https://osa_activity.ntu.edu.tw/club/detail/sn/0638  ,https://www.facebook.com/NTUEDUSA/
0639,自治性,社會學研究所學生會,https://osa_activity.ntu.edu.tw/club/detail/sn/0639  ,
0643,學藝性,模型研究社,https://osa_activity.ntu.edu.tw/club/detail/sn/0643  ,https://www.facebook.com/ntumrc/
0648,學術性,小說賞析社,https://osa_activity.ntu.edu.tw/club/detail/sn/0648  ,https://www.facebook.com/NTUfiction
0653,學藝性,音樂劇社,https://osa_activity.ntu.edu.tw/club/detail/sn/0653  ,https://www.facebook.com/ntumusical/
0654,體適能,競技啦啦隊社,https://osa_activity.ntu.edu.tw/club/detail/sn/0654  ,https://www.facebook.com/ntucheer?mibextid=LQQJ4d
0656,康樂性,羽球社,https://osa_activity.ntu.edu.tw/club/detail/sn/0656  ,https://www.facebook.com/profile.php?id=61565948066619
0658,服務性,外籍生接待服務義工社,https://osa_activity.ntu.edu.tw/club/detail/sn/0658  ,https://www.facebook.com/NTUISIE
0666,學術性,氣象資訊傳播社,https://osa_activity.ntu.edu.tw/club/detail/sn/0666  ,
0683,康樂性,英文歌曲賞析社,https://osa_activity.ntu.edu.tw/club/detail/sn/0683  ,
0690,學術性,國際英語演講會,https://osa_activity.ntu.edu.tw/club/detail/sn/0690  ,https://www.facebook.com/ntutm/
0697,服務性,公共衛生工作服務隊,https://osa_activity.ntu.edu.tw/club/detail/sn/0697  ,https://dph.ntu.edu.tw/web/student/student.jsp?cp_no=CP1582014629981&lang=tw
0704,自治性,植物病理與微生物學系學生會,https://osa_activity.ntu.edu.tw/club/detail/sn/0704  ,https://www.facebook.com/NTUPPM/
0705,自治性,護理學系研究所學生會,https://osa_activity.ntu.edu.tw/club/detail/sn/0705  ,https://masterntunursaing.wixsite.com/website-1
0715,綜合性,科幻社,https://osa_activity.ntu.edu.tw/club/detail/sn/0715  ,https://www.facebook.com/ntustarfleetacademy/
0716,綜合性,望月詩社,https://osa_activity.ntu.edu.tw/club/detail/sn/0716  ,
0718,自治性,昆蟲學系學生會,https://osa_activity.ntu.edu.tw/club/detail/sn/0718  ,https://www.facebook.com/ntuentomol/
0729,服務性,向日葵服務社,https://osa_activity.ntu.edu.tw/club/detail/sn/0729  ,https://www.facebook.com/NTUsunflower/
0730,學術性,奇幻藝術研究社,https://osa_activity.ntu.edu.tw/club/detail/sn/0730  ,https://www.facebook.com/NTU.Fantasy/
0747,體適能,水上服務隊,https://osa_activity.ntu.edu.tw/club/detail/sn/0747  ,https://www.facebook.com/ntulifeguard
0751,學術性,法輪大法社,https://osa_activity.ntu.edu.tw/club/detail/sn/0751  ,https://www.facebook.com/NTUFaLunDaFaClub
0754,自治性,戲劇學系學生會,https://osa_activity.ntu.edu.tw/club/detail/sn/0754  ,羅斯福路四段一號台灣大學女一舍114室
0757,自治性,藥學研究所學會,https://osa_activity.ntu.edu.tw/club/detail/sn/0757  ,
0764,綜合性,椰林合氣道社,https://osa_activity.ntu.edu.tw/club/detail/sn/0764  ,https://www.facebook.com/AikidoNTU/
0770,綜合性,國際標準舞社,https://osa_activity.ntu.edu.tw/club/detail/sn/0770  ,https://www.facebook.com/NTU.Dancing
0773,學術性,撞球社,https://osa_activity.ntu.edu.tw/club/detail/sn/0773  ,http://club.ntu.edu.tw/~club20773/
0776,學術性,寶石礦物研習社,https://osa_activity.ntu.edu.tw/club/detail/sn/0776  ,
0777,學術性,模擬聯合國社,https://osa_activity.ntu.edu.tw/club/detail/sn/0777  ,
0778,體適能,法律學院排球社,https://osa_activity.ntu.edu.tw/club/detail/sn/0778  ,
0783,學術性,布袋戲研習社,https://osa_activity.ntu.edu.tw/club/detail/sn/0783  ,https://www.facebook.com/ntupds/
0785,自治性,生物化學暨分子生物學研究所學生會,https://osa_activity.ntu.edu.tw/club/detail/sn/0785  ,
0791,綜合性,薇閣校友會,https://osa_activity.ntu.edu.tw/club/detail/sn/0791  ,https://www.facebook.com/wegointaida/
0794,學藝性,嘻哈文化研究社,https://osa_activity.ntu.edu.tw/club/detail/sn/0794  ,http://www.facebook.com/NtuHiphop
0797,自治性,電機資訊學院學生會,https://osa_activity.ntu.edu.tw/club/detail/sn/0797  ,
0801,學藝性,現代舞社,https://osa_activity.ntu.edu.tw/club/detail/sn/0801  ,https://www.facebook.com/ntumd
0802,綜合性,學園團契社,https://osa_activity.ntu.edu.tw/club/detail/sn/0802  ,https://www.facebook.com/ntutccc/
0807,服務性,陽光椰子社會服務社,https://osa_activity.ntu.edu.tw/club/detail/sn/0807  ,https://www.facebook.com/ntusunnycoconut
0819,服務性,身心障礙學生權益促進會,https://osa_activity.ntu.edu.tw/club/detail/sn/0819  ,https://www.facebook.com/NTUDSRA
0821,學術性,中醫典籍研究社,https://osa_activity.ntu.edu.tw/club/detail/sn/0821  ,http://club.ntu.edu.tw/
0823,學藝性,國畫社,https://osa_activity.ntu.edu.tw/club/detail/sn/0823  ,
0825,學藝性,電子琴社,https://osa_activity.ntu.edu.tw/club/detail/sn/0825  ,https://www.facebook.com/ntukeyboard/
0829,綜合性,中智社,https://osa_activity.ntu.edu.tw/club/detail/sn/0829  ,https://www.facebook.com/ntumidwaywisdom
0832,自治性,材料科學與工程學系學生會,https://osa_activity.ntu.edu.tw/club/detail/sn/0832  ,https://www.facebook.com/share/1BW15XMf1T/
0835,綜合性,福智青年社,https://osa_activity.ntu.edu.tw/club/detail/sn/0835  ,https://www.facebook.com/ntubwyouth.tw/
0838,綜合性,新心社,https://osa_activity.ntu.edu.tw/club/detail/sn/0838  ,https://www.facebook.com/ntunewheart/
0845,服務性,醫學院口腔衛生服務隊,https://osa_activity.ntu.edu.tw/club/detail/sn/0845  ,
0853,自治性,社會工作學系學生會,https://osa_activity.ntu.edu.tw/club/detail/sn/0853  ,https://www.facebook.com/NTUSWad/
0854,自治性,社會工作學系研究所學生會,https://osa_activity.ntu.edu.tw/club/detail/sn/0854  ,
0855,自治性,新聞研究所學生會,https://osa_activity.ntu.edu.tw/club/detail/sn/0855  ,http://club.ntu.edu.tw/~club10855/
0857,綜合性,爵士愛樂社,https://osa_activity.ntu.edu.tw/club/detail/sn/0857  ,https://www.facebook.com/NTUJazzClub/
0860,綜合性,服裝社,https://osa_activity.ntu.edu.tw/club/detail/sn/0860  ,台北市大安區羅斯福路四段一號台大女一舍318
0866,學藝性,阿根廷探戈社,https://osa_activity.ntu.edu.tw/club/detail/sn/0866  ,https://www.facebook.com/NTUtango/
0867,學術性,領袖教育學社,https://osa_activity.ntu.edu.tw/club/detail/sn/0867  ,https://www.facebook.com/ntuleadership/
0871,自治性,臨床藥學研究所學生會,https://osa_activity.ntu.edu.tw/club/detail/sn/0871  ,
0876,服務性,長青團契社,https://osa_activity.ntu.edu.tw/club/detail/sn/0876  ,http://blog.yam.com/hugoftaisu
0888,學術性,塔羅牌研究社,https://osa_activity.ntu.edu.tw/club/detail/sn/0888  ,https://www.facebook.com/NTUTarot/
0889,服務性,高雄地區校友會社會服務團,https://osa_activity.ntu.edu.tw/club/detail/sn/0889  ,https://www.facebook.com/NTUKSBEAR/
0890,自治性,生命科學系學生會,https://osa_activity.ntu.edu.tw/club/detail/sn/0890  ,https://reurl.cc/exkreW
0891,自治性,生化科技學系學生會,https://osa_activity.ntu.edu.tw/club/detail/sn/0891  ,台北市文山區木柵路三段六十五號六樓之一
0895,學藝性,詞曲創作社,https://osa_activity.ntu.edu.tw/club/detail/sn/0895  ,https://www.facebook.com/ntumelodylyric
0911,體適能,帆船社,https://osa_activity.ntu.edu.tw/club/detail/sn/0911  ,https://www.facebook.com/NTUSailingClub
0913,綜合性,生存遊戲社,https://osa_activity.ntu.edu.tw/club/detail/sn/0913  ,http://www.facebook.com/ntusurvivalgame
0914,學藝性,瑜珈社,https://osa_activity.ntu.edu.tw/club/detail/sn/0914  ,https://www.facebook.com/ntuyoga/
0915,自治性,生命科學院學生會,https://osa_activity.ntu.edu.tw/club/detail/sn/0915  ,http://club.ntu.
0917,學藝性,多國語言會話練習社,https://osa_activity.ntu.edu.tw/club/detail/sn/0917  ,http://www.facebook.com/ntumlc?fref=ts
0918,學藝性,踢踏舞社,https://osa_activity.ntu.edu.tw/club/detail/sn/0918  ,https://goo.gl/H4uVpa
0919,學藝性,古琴社,https://osa_activity.ntu.edu.tw/club/detail/sn/0919  ,大安區羅斯福路四段1號
0920,服務性,童癌童語服務社,https://osa_activity.ntu.edu.tw/club/detail/sn/0920  ,https://www.facebook.com/ntuccs/
0928,綜合性,籃球協會,https://osa_activity.ntu.edu.tw/club/detail/sn/0928  ,https://www.facebook.com/NTUBasketballAssociation
0931,綜合性,玄宇太極功‧禪修研習社,https://osa_activity.ntu.edu.tw/club/detail/sn/0931  ,
0932,學術性,伊斯蘭和平社,https://osa_activity.ntu.edu.tw/club/detail/sn/0932  ,
0934,學術性,維基研究社,https://osa_activity.ntu.edu.tw/club/detail/sn/0934  ,https://zh.wikipedia.org/wiki/Wikipedia:國立臺灣大學維基研究社
0939,聯誼性,澎友會,https://osa_activity.ntu.edu.tw/club/detail/sn/0939  ,https://www.facebook.com/2020PHfriendweek/
0943,綜合性,世界志工社,https://osa_activity.ntu.edu.tw/club/detail/sn/0943  ,https://www.facebook.com/ntuwvs/
0945,綜合性,醫學院游泳社,https://osa_activity.ntu.edu.tw/club/detail/sn/0945  ,
0946,自治性,微生物研究所所學會,https://osa_activity.ntu.edu.tw/club/detail/sn/0946  ,仁愛路1段1號7樓
0948,服務性,國際珍古德根與芽社,https://osa_activity.ntu.edu.tw/club/detail/sn/0948  ,https://www.facebook.com/NTURootsAndShoots/
0951,綜合性,生命品格社,https://osa_activity.ntu.edu.tw/club/detail/sn/0951  ,https://www.instagram.com/ntu_abc/
0957,學術性,肚皮舞社,https://osa_activity.ntu.edu.tw/club/detail/sn/0957  ,https://www.facebook.com/ntubellydance
0963,學術性,卡片遊戲研究社,https://osa_activity.ntu.edu.tw/club/detail/sn/0963  ,13F.-1 No.36 Ln. 151 Sec. 4 Ren
0969,綜合性,倍加團契社,https://osa_activity.ntu.edu.tw/club/detail/sn/0969  ,https://reurl.cc/rxYpxE
0971,自治性,生醫電子與資訊研究所所學生會,https://osa_activity.ntu.edu.tw/club/detail/sn/0971  ,https://www.facebook.com/NTUBeBi/
0972,聯誼性,越南同學會,https://osa_activity.ntu.edu.tw/club/detail/sn/0972  ,https://www.facebook.com/VSA-NTU-H%E1%BB%99i-Sinh-vi%C3%AAn-Vi%E1%BB%87t-Nam-t%E1%BA%A1i-%C4%90%E1%BA%A1i-h%E1%BB%8Dc-Qu%E1%BB%91c-l%E1%BA%ADp-%C4%90%C3%A0i-Loan-100719418486158
0978,學術性,意識報社,https://osa_activity.ntu.edu.tw/club/detail/sn/0978  ,http://cpaper-blog.blogspot.com
0982,服務性,慈幼山友團,https://osa_activity.ntu.edu.tw/club/detail/sn/0982  ,https://www.facebook.com/ntukkf/
0983,學術性,臺灣日本學生交流會,https://osa_activity.ntu.edu.tw/club/detail/sn/0983  ,https://www.facebook.com/tjsc.tpe/
0984,體適能,醫學院女籃社,https://osa_activity.ntu.edu.tw/club/detail/sn/0984  ,
0985,學術性,亞太醫學生交流促進社,https://osa_activity.ntu.edu.tw/club/detail/sn/0985  ,
0996,學藝性,桌上遊戲社,https://osa_activity.ntu.edu.tw/club/detail/sn/0996  ,http://ntu-boardgame.blog.ntu.edu.tw/
1003,自治性,醫學院解剖學暨細胞生物研究所學生會,https://osa_activity.ntu.edu.tw/club/detail/sn/1003  ,
1005,綜合性,動物權利發展社,https://osa_activity.ntu.edu.tw/club/detail/sn/1005  ,https://zh-tw.facebook.com/ntuar09/
1010,康樂性,營隊創意研究社,https://osa_activity.ntu.edu.tw/club/detail/sn/1010  ,
1012,自治性,科際整合法律學研究所學生會,https://osa_activity.ntu.edu.tw/club/detail/sn/1012  ,https://www.facebook.com/ntugiils/
1014,自治性,免疫學研究所學生會,https://osa_activity.ntu.edu.tw/club/detail/sn/1014  ,
1016,學術性,拼圖研習社,https://osa_activity.ntu.edu.tw/club/detail/sn/1016  ,https://www.facebook.com/NTUjigsaws/
1028,學藝性,騷動爵士大樂團,https://osa_activity.ntu.edu.tw/club/detail/sn/1028  ,325
1031,服務性,崇德志工社,https://osa_activity.ntu.edu.tw/club/detail/sn/1031  ,https://www.facebook.com/NTUcdvolunteers/
1033,學術性,八步螳螂拳社,https://osa_activity.ntu.edu.tw/club/detail/sn/1033  ,https://www.facebook.com/NTU8Steps/
1034,學藝性,火舞社,https://osa_activity.ntu.edu.tw/club/detail/sn/1034  ,https://www.facebook.com/NTUxNTUSTxNTNUFireDanceShow?mibextid=LQQJ4d
1037,服務性,青樹人社,https://osa_activity.ntu.edu.tw/club/detail/sn/1037  ,
1039,體適能,醫學院女子排球社,https://osa_activity.ntu.edu.tw/club/detail/sn/1039  ,
1040,體適能,武學社,https://osa_activity.ntu.edu.tw/club/detail/sn/1040  ,https://ntuma.tw/
1041,體適能,內家武學社,https://osa_activity.ntu.edu.tw/club/detail/sn/1041  ,https://reurl.cc/d0aEzM
1042,服務性,慈幼會山地服務團,https://osa_activity.ntu.edu.tw/club/detail/sn/1042  ,https://www.facebook.com/ntuShanFu
1045,綜合性,綜合格鬥社,https://osa_activity.ntu.edu.tw/club/detail/sn/1045  ,https://www.facebook.com/NTUmixedmartialarts
1046,學藝性,詠春拳社,https://osa_activity.ntu.edu.tw/club/detail/sn/1046  ,https://www.facebook.com/NTUWCKF
1047,學藝性,日本舞踊社,https://osa_activity.ntu.edu.tw/club/detail/sn/1047  ,https://www.facebook.com/NTUJPdance
1049,學術性,英文辯論社,https://osa_activity.ntu.edu.tw/club/detail/sn/1049  ,https://www.facebook.com/ntueds/
1050,體適能,卡波耶拉社,https://osa_activity.ntu.edu.tw/club/detail/sn/1050  ,https://www.facebook.com/NTUCapoeira
1051,服務性,法鼓山世界青年社,https://osa_activity.ntu.edu.tw/club/detail/sn/1051  ,https://www.facebook.com/NTUDDYPGO
1052,康樂性,日文歌曲社,https://osa_activity.ntu.edu.tw/club/detail/sn/1052  ,https://www.facebook.com/groups/596928213683626/
1053,學術性,音樂遊戲社,https://osa_activity.ntu.edu.tw/club/detail/sn/1053  ,https://www.facebook.com/NTUMusicgame/
1054,學藝性,烏克麗麗社,https://osa_activity.ntu.edu.tw/club/detail/sn/1054  ,https://www.facebook.com/NTUukulele/?fref=ts
1057,學藝性,小海豚MV舞蹈社,https://osa_activity.ntu.edu.tw/club/detail/sn/1057  ,https://www.facebook.com/ntushtjump/
1059,綜合性,Net Impact社會創新社,https://osa_activity.ntu.edu.tw/club/detail/sn/1059  ,http://www.facebook.com/NTUNetImpact
1066,體適能,技擊散打社,https://osa_activity.ntu.edu.tw/club/detail/sn/1066  ,https://www.facebook.com/groups/263128640533177/
1067,服務性,山徑行動社,https://osa_activity.ntu.edu.tw/club/detail/sn/1067  ,https://www.facebook.com/trailaction
1073,學術性,自造者社,https://osa_activity.ntu.edu.tw/club/detail/sn/1073  ,https://www.facebook.com/ntumaker2018/
1077,體適能,女子橄欖球社,https://osa_activity.ntu.edu.tw/club/detail/sn/1077  ,https://www.facebook.com/ntugirlsrugby/?ref=bookmarks
1078,學藝性,手搖飲料社,https://osa_activity.ntu.edu.tw/club/detail/sn/1078  ,https://www.facebook.com/NTUBeverageClub/
1082,學術性,氣候行動社,https://osa_activity.ntu.edu.tw/club/detail/sn/1082  ,https://www.facebook.com/NTUClimateAction/
1083,聯誼性,大陸同學會,https://osa_activity.ntu.edu.tw/club/detail/sn/1083  ,http://www.ntumcsa.com/
1084,綜合性,居合道社,https://osa_activity.ntu.edu.tw/club/detail/sn/1084  ,
1085,綜合性,精靈寶可夢(神奇寶貝)研究社,https://osa_activity.ntu.edu.tw/club/detail/sn/1085  ,https://www.facebook.com/NTUpokemon/
1087,綜合性,精神機構服務社,https://osa_activity.ntu.edu.tw/club/detail/sn/1087  ,https://www.facebook.com/ntumental
1088,學藝性,日本麻雀研究社,https://osa_activity.ntu.edu.tw/club/detail/sn/1088  ,https://www.facebook.com/ntujmc/
1089,學藝性,指彈吉他社,https://osa_activity.ntu.edu.tw/club/detail/sn/1089  ,https://www.facebook.com/ntufsguitar/
1090,體適能,女子足球社,https://osa_activity.ntu.edu.tw/club/detail/sn/1090  ,https://www.facebook.com/NTUWomensFutsalClub/
1091,綜合性,旅行與背包客交流社,https://osa_activity.ntu.edu.tw/club/detail/sn/1091  ,https://www.facebook.com/ntutraveler/
1092,康樂性,飛音阿卡貝拉社,https://osa_activity.ntu.edu.tw/club/detail/sn/1092  ,www.facebook.com/ntuacappella
1093,服務性,直覺職掘社,https://osa_activity.ntu.edu.tw/club/detail/sn/1093  ,
1094,學藝性,按摩社,https://osa_activity.ntu.edu.tw/club/detail/sn/1094  ,https://www.facebook.com/NTUMassage
1095,學術性,生技創業社,https://osa_activity.ntu.edu.tw/club/detail/sn/1095  ,http://ntubesa.wixsite.com/homepage
1096,學藝性,音樂節與音樂產業發展社,https://osa_activity.ntu.edu.tw/club/detail/sn/1096  ,https://www.facebook.com/ntusamusicfestival/
1097,學藝性,競技撲克研究社AK Poker,https://osa_activity.ntu.edu.tw/club/detail/sn/1097  ,
1098,康樂性,醫學院橋藝社,https://osa_activity.ntu.edu.tw/club/detail/sn/1098  ,https://reurl.cc/V6WkxZ
1099,服務性,坪林新芽社,https://osa_activity.ntu.edu.tw/club/detail/sn/1099  ,https://www.facebook.com/groups/915185521942226/
1100,學術性,西洋棋社,https://osa_activity.ntu.edu.tw/club/detail/sn/1100  ,https://www.facebook.com/NTUChess/
1101,綜合性,野餐社,https://osa_activity.ntu.edu.tw/club/detail/sn/1101  ,https://www.facebook.com/NTUpicnic/
1102,綜合性,法律推廣暨法治教育研究社,https://osa_activity.ntu.edu.tw/club/detail/sn/1102  ,
1103,學術性,金庸研究社,https://osa_activity.ntu.edu.tw/club/detail/sn/1103  ,https://reurl.cc/mnk0m1
1104,綜合性,資料分析與決策社,https://osa_activity.ntu.edu.tw/club/detail/sn/1104  ,https://www.facebook.com/NTUDAC
1105,綜合性,創價青年社,https://osa_activity.ntu.edu.tw/club/detail/sn/1105  ,https://www.facebook.com/groups/1764109460538102/
1106,學術性,言迷語言學社,https://osa_activity.ntu.edu.tw/club/detail/sn/1106  ,https://www.facebook.com/NTULinguaphiles/
1107,綜合性,狼人殺社,https://osa_activity.ntu.edu.tw/club/detail/sn/1107  ,https://reurl.cc/NjN4am
1109,學術性,TED分享社,https://osa_activity.ntu.edu.tw/club/detail/sn/1109  ,https://www.facebook.com/TEDxNTUtw
1110,學術性,皮繩愉虐社,https://osa_activity.ntu.edu.tw/club/detail/sn/1110  ,www.facebook.com/NTUBDSM/
1112,學術性,賽車社,https://osa_activity.ntu.edu.tw/club/detail/sn/1112  ,https://www.facebook.com/NTURacing
1113,聯誼性,拉美與加勒比同學會,https://osa_activity.ntu.edu.tw/club/detail/sn/1113  ,https://www.instagram.com/laticarintu/
1114,學術性,金融科技研究社,https://osa_activity.ntu.edu.tw/club/detail/sn/1114  ,https://www.facebook.com/NTUFintechClub/
1116,綜合性,醫學院橄欖球社,https://osa_activity.ntu.edu.tw/club/detail/sn/1116  ,
1118,綜合性,Every Nation Campus,https://osa_activity.ntu.edu.tw/club/detail/sn/1118  ,https://www.facebook.com/encampustaipei
1119,服務性,FRC機器人研究社,https://osa_activity.ntu.edu.tw/club/detail/sn/1119  ,https://www.facebook.com/NTUforFRC
1121,學藝性,直笛團,https://osa_activity.ntu.edu.tw/club/detail/sn/1121  ,https://www.facebook.com/nturecorderorchestra
1122,學術性,國家安全暨戰略研究社,https://osa_activity.ntu.edu.tw/club/detail/sn/1122  ,
1123,體適能,衝浪社,https://osa_activity.ntu.edu.tw/club/detail/sn/1123  ,https://www.facebook.com/臺大衝浪社-NTU-Surf-Club-301698271622964
3001,自治性,學生代表大會,https://osa_activity.ntu.edu.tw/club/detail/sn/3001  ,https://www.facebook.com/NTUStudentCongress/
9998,學術性,全球集思論壇籌備團隊,https://osa_activity.ntu.edu.tw/club/detail/sn/9998  ,http://gis-taiwan.ntu.edu.tw/
9999,綜合性,課外活動組,https://osa_activity.ntu.edu.tw/club/detail/sn/9999  ,http://club.ntu.edu.tw/
T013,學藝性,杏林熱門音樂社,https://osa_activity.ntu.edu.tw/club/detail/sn/T013  ,
T049,聯誼性,研究生僑生交流會,https://osa_activity.ntu.edu.tw/club/detail/sn/T049  ,
T051,自治性,藥理學研究所學生會,https://osa_activity.ntu.edu.tw/club/detail/sn/T051  ,
T069,綜合性,管理顧問社,https://osa_activity.ntu.edu.tw/club/detail/sn/T069  ,https://www.facebook.com/ntuconsulting/
T070,服務性,泰北服務學習社,https://osa_activity.ntu.edu.tw/club/detail/sn/T070  ,https://www.facebook.com/ntuslint/
T077,學術性,商學研究社,https://osa_activity.ntu.edu.tw/club/detail/sn/T077  ,https://www.bizpro-taipei.com/
T080,自治性,醫學院研究生協會學生會,https://osa_activity.ntu.edu.tw/club/detail/sn/T080  ,https://www.facebook.com/NTUMCGSA
T084,學藝性,數位音樂創作社,https://osa_activity.ntu.edu.tw/club/detail/sn/T084  ,https://www.facebook.com/NTUDigitalMusic/
T097,服務性,氣球社,https://osa_activity.ntu.edu.tw/club/detail/sn/T097  ,https://www.facebook.com/NTUBalloon/
T103,自治性,公共衛生學院研究生學生會,https://osa_activity.ntu.edu.tw/club/detail/sn/T103  ,https://www.facebook.com/ntucphgsa
T116,學術性,產經共學社,https://osa_activity.ntu.edu.tw/club/detail/sn/T116  ,http://collaborator-tw.blogspot.tw
T135,學藝性,管弦樂指揮培訓社,https://osa_activity.ntu.edu.tw/club/detail/sn/T135  ,
T145,學術性,樹藝社,https://osa_activity.ntu.edu.tw/club/detail/sn/T145  ,
T150,自治性,高分子所學生會,https://osa_activity.ntu.edu.tw/club/detail/sn/T150  ,
T152,體適能,跑酷社,https://osa_activity.ntu.edu.tw/club/detail/sn/T152  ,https://www.facebook.com/%E5%8F%B0%E5%A4%A7%E8%B7%91%E9%85%B7%E7%A4%BE-NTU-Parkour-1537228813233958/
T161,自治性,公共事務研究所學生會,https://osa_activity.ntu.edu.tw/club/detail/sn/T161  ,無
T170,服務性,iPower社,https://osa_activity.ntu.edu.tw/club/detail/sn/T170  ,https://www.facebook.com/ipowerntu
T176,自治性,法律學系學生會,https://osa_activity.ntu.edu.tw/club/detail/sn/T176  ,https://www.facebook.com/NTULAW/
T181,聯誼性,哈佛學生交流會,https://osa_activity.ntu.edu.tw/club/detail/sn/T181  ,https://www.facebook.com/NTUHarvardStudentAssociation/
T184,自治性,臺灣文學研究所學生會,https://osa_activity.ntu.edu.tw/club/detail/sn/T184  ,www.gitl.ntu.edu.tw
T185,自治性,中國文學系國際班學生會,https://osa_activity.ntu.edu.tw/club/detail/sn/T185  ,https://www.instagram.com/ntu.chin/
T187,服務性,拾善團,https://osa_activity.ntu.edu.tw/club/detail/sn/T187  ,https://lin.ee/kbZk4mC
T209,服務性,小獅子服務社,https://osa_activity.ntu.edu.tw/club/detail/sn/T209  ,https://www.facebook.com/memories1949/
T215,體適能,公衛院女籃球隊,https://osa_activity.ntu.edu.tw/club/detail/sn/T215  ,
T219,體適能,飛盤社,https://osa_activity.ntu.edu.tw/club/detail/sn/T219  ,https://www.facebook.com/NTUFrisbee
T221,服務性,新創法律策略顧問社,https://osa_activity.ntu.edu.tw/club/detail/sn/T221  ,https://www.facebook.com/NTUCLSS/
T222,學術性,美食報導媒體策略研究社,https://osa_activity.ntu.edu.tw/club/detail/sn/T222  ,https://www.instagram.com/ntueater/?fbclid=IwZXh0bgNhZW0CMTEAAR2OQXwjzIr4xulRK5AV8N1sHcNwzYyrWASaD6WFwUCrKt9MWsaobK0h56Y_aem_f0ertt5hLgBh-USk6StyJg
T223,服務性,武塔小教室,https://osa_activity.ntu.edu.tw/club/detail/sn/T223  ,https://reurl.cc/QdVZE9
T226,自治性,腦與心智科學研究所學生會,https://osa_activity.ntu.edu.tw/club/detail/sn/T226  ,
T228,自治性,醫學工程學系學生會,https://osa_activity.ntu.edu.tw/club/detail/sn/T228  ,IG連結：https://www.instagram.com/ntu_bme/profilecard/?igsh=MW1wd2doYzc1ZnliYg== ；FB連結：https://www.facebook.com/profile.php?id=100069157148026
T230,服務性,兒童友善醫療服務社,https://osa_activity.ntu.edu.tw/club/detail/sn/T230  ,https://www.facebook.com/childnofear
T237,自治性,進修推廣學院學生會,https://osa_activity.ntu.edu.tw/club/detail/sn/T237  ,https://sites.google.com/view/ntu-pmfamily/
T239,服務性,國際學伴交流社,https://osa_activity.ntu.edu.tw/club/detail/sn/T239  ,
T244,服務性,東谷沙飛社,https://osa_activity.ntu.edu.tw/club/detail/sn/T244  ,https://www.facebook.com/tongkusaveqntu
T245,服務性,升學輔導種子社,https://osa_activity.ntu.edu.tw/club/detail/sn/T245  ,https://www.facebook.com/ntututorteam/
T247,綜合性,數位廣播社,https://osa_activity.ntu.edu.tw/club/detail/sn/T247  ,
T249,自治性,學士後護理學系學生會,https://osa_activity.ntu.edu.tw/club/detail/sn/T249  ,https://www.instagram.com/ntucmbsn/
T261,學術性,人工智慧應用社,https://osa_activity.ntu.edu.tw/club/detail/sn/T261  ,https://www.facebook.com/NTUAIClub
T267,服務性,無家者服務社,https://osa_activity.ntu.edu.tw/club/detail/sn/T267  ,https://www.facebook.com/NTUTreattheHomeless
T273,學術性,人生諸事會社,https://osa_activity.ntu.edu.tw/club/detail/sn/T273  ,
T281,學術性,行銷顧問社,https://osa_activity.ntu.edu.tw/club/detail/sn/T281  ,https://www.facebook.com/ntuscmarketingclub/
T282,學術性,資訊之芽社,https://osa_activity.ntu.edu.tw/club/detail/sn/T282  ,https://sprout.tw
T284,學術性,程式解題社,https://osa_activity.ntu.edu.tw/club/detail/sn/T284  ,https://ntucpc.org/
T285,學術性,司儀社,https://osa_activity.ntu.edu.tw/club/detail/sn/T285  ,https://www.facebook.com/ntumcclub
T288,學術性,閱人咖啡館,https://osa_activity.ntu.edu.tw/club/detail/sn/T288  ,https://www.instagram.com/ntu.yueren.cafe/
T289,綜合性,Wildlife Disease Association Taiwan Student Chapter,https://osa_activity.ntu.edu.tw/club/detail/sn/T289  ,https://www.facebook.com/profile.php?id=100080066800514
T300,綜合性,菲律賓同學會,https://osa_activity.ntu.edu.tw/club/detail/sn/T300  ,
T301,綜合性,印度同學會,https://osa_activity.ntu.edu.tw/club/detail/sn/T301  ,
T304,聯誼性,日本商業管理社,https://osa_activity.ntu.edu.tw/club/detail/sn/T304  ,
T306,聯誼性,歐洲同學會,https://osa_activity.ntu.edu.tw/club/detail/sn/T306  ,
T307,體適能,肌力體能訓練社,https://osa_activity.ntu.edu.tw/club/detail/sn/T307  ,https://www.facebook.com/NTUSCTC
T309,聯誼性,泰國同學會,https://osa_activity.ntu.edu.tw/club/detail/sn/T309  ,"No. 1, Sec. 4, Roosevelt Rd., Da’an Dist., Taipei City 106319, Taiwan (R.O.C.)"
T312,綜合性,走物社,https://osa_activity.ntu.edu.tw/club/detail/sn/T312  ,https://www.facebook.com/profile.php?id=100089738171011&mibextid=LQQJ4d
T314,綜合性,真食堂,https://osa_activity.ntu.edu.tw/club/detail/sn/T314  ,
T316,學藝性,魔術方塊社,https://osa_activity.ntu.edu.tw/club/detail/sn/T316  ,https://www.facebook.com/ntucubingclub
T317,學藝性,醒獅團,https://osa_activity.ntu.edu.tw/club/detail/sn/T317  ,
T318,自治性,重點科技研究學院學生會,https://osa_activity.ntu.edu.tw/club/detail/sn/T318  ,https://gsat.ntu.edu.tw/tw/home/
T320,學術性,投資銀行研究社,https://osa_activity.ntu.edu.tw/club/detail/sn/T320  ,https://www.ibank-ntu.com/
T322,學藝性,陶藝社,https://osa_activity.ntu.edu.tw/club/detail/sn/T322  ,https://www.facebook.com/profile.php?id=61558979835361&locale=zh_CN
T323,體適能,忽雷太極拳社,https://osa_activity.ntu.edu.tw/club/detail/sn/T323  ,https://www.facebook.com/NTUHuLeiTaichi
T324,聯誼性,Far From Home,https://osa_activity.ntu.edu.tw/club/detail/sn/T324  ,https://www.facebook.com/ntufarfromhome/
T325,學術性,人力資源管理顧問社,https://osa_activity.ntu.edu.tw/club/detail/sn/T325  ,
T327,學術性,不動產研究社,https://osa_activity.ntu.edu.tw/club/detail/sn/T327  ,
T330,學術性,靈魂藍圖社,https://osa_activity.ntu.edu.tw/club/detail/sn/T330  ,https://www.instagram.com/ntusouldesign
T331,學術性,藝術與商業研究社,https://osa_activity.ntu.edu.tw/club/detail/sn/T331  ,
T333,學藝性,現場喜劇社,https://osa_activity.ntu.edu.tw/club/detail/sn/T333  ,
T335,綜合性,獸文化交流社,https://osa_activity.ntu.edu.tw/club/detail/sn/T335  ,
T337,體適能,鶴法研究社,https://osa_activity.ntu.edu.tw/club/detail/sn/T337  ,https://ntucmac.blogspot.com/
T344,學術性,Link to you公民酒吧,https://osa_activity.ntu.edu.tw/club/detail/sn/T344  ,
T345,學術性,iOS Club,https://osa_activity.ntu.edu.tw/club/detail/sn/T345  ,
T346,學術性,諾獎社,https://osa_activity.ntu.edu.tw/club/detail/sn/T346  ,https://www.facebook.com/people/%E8%87%BA%E5%A4%A7%E8%AB%BE%E7%8D%8E%E7%A4%BE-NTU-TTRC/61563336153843/?_rdr
T347,體適能,水球社,https://osa_activity.ntu.edu.tw/club/detail/sn/T347  ,
T348,學術性,新創技能培育社,https://osa_activity.ntu.edu.tw/club/detail/sn/T348  ,
T350,學藝性,快煮鍋料理研究社,https://osa_activity.ntu.edu.tw/club/detail/sn/T350  ,https://www.instagram.com/ntu_happy_pot?utm_source=ig_web_button_share_sheet&igsh=ZDNlZDc0MzIxNw==
T352,體適能,馬拉松社,https://osa_activity.ntu.edu.tw/club/detail/sn/T352  ,https://reurl.cc/Gp5L5W
T353,綜合性,城中同好運動團,https://osa_activity.ntu.edu.tw/club/detail/sn/T353  ,
T355,學術性,知彼知己兩岸用語研究社,https://osa_activity.ntu.edu.tw/club/detail/sn/T355  ,
T356,服務性,Spark Impact Club,https://osa_activity.ntu.edu.tw/club/detail/sn/T356  ,https://www.instagram.com/ntu_sparkimpact?igsh=cm81c2Fpc3BrcjI%3D&utm_source=qr
T357,綜合性,泰勒絲粉絲俱樂部,https://osa_activity.ntu.edu.tw/club/detail/sn/T357  ,https://linktr.ee/ntuswifties?fbclid=PAZXh0bgNhZW0CMTEAAaalI4qGzQ2dNFN-ac8WQBxMDpG0guj2LHi-Cl9dKkcfE77hdfjKAFGpC0s_aem_GL9rdy2XFserATAOcNEOUg
T358,學術性,善水道學社,https://osa_activity.ntu.edu.tw/club/detail/sn/T358  ,
T359,康樂性,超級細胞大亂鬥社,https://osa_activity.ntu.edu.tw/club/detail/sn/T359  ,
T361,綜合性,SLAM國際交流社,https://osa_activity.ntu.edu.tw/club/detail/sn/T361  ,
T362,學術性,加密貨幣與技術分析社,https://osa_activity.ntu.edu.tw/club/detail/sn/T362  ,
T363,綜合性,Acts2Taipei Club,https://osa_activity.ntu.edu.tw/club/detail/sn/T363  ,https://www.instagram.com/journey.tpe?igsh=MTZmZHRjYzN1bzhkYQ==
T364,綜合性,耽美/BL社,https://osa_activity.ntu.edu.tw/club/detail/sn/T364  ,https://www.instagram.com/ntu_bl
T366,綜合性,醫學院合菜會,https://osa_activity.ntu.edu.tw/club/detail/sn/T366  ,https://www.instagram.com/medicoscholosinensiconvivium/
T367,學術性,投信投顧研究社,https://osa_activity.ntu.edu.tw/club/detail/sn/T367  ,https://www.facebook.com/profile.php?id=61570724496076
T369,綜合性,實踐左行社,https://osa_activity.ntu.edu.tw/club/detail/sn/T369  ,
T370,學術性,小黃瓜研究社,https://osa_activity.ntu.edu.tw/club/detail/sn/T370  ,https://www.instagram.com/ntu_cucumber/
T372,自治性,Intelligent Engineering and Technology Student Association,https://osa_activity.ntu.edu.tw/club/detail/sn/T372  ,
T373,聯誼性,臺中一中女中校友會,https://osa_activity.ntu.edu.tw/club/detail/sn/T373  ,
T374,綜合性,自由潛水社,https://osa_activity.ntu.edu.tw/club/detail/sn/T374  ,
T375,體適能,弓道社,https://osa_activity.ntu.edu.tw/club/detail/sn/T375  ,
T378,綜合性,沉浸式懸疑推理社,https://osa_activity.ntu.edu.tw/club/detail/sn/T378  ,
T379,體適能,袋棍球社,https://osa_activity.ntu.edu.tw/club/detail/sn/T379  ,
T380,學術性,台灣 SDGs 文化大使社,https://osa_activity.ntu.edu.tw/club/detail/sn/T380  ,
